income,credit_utilization,payment_history,num_open_accounts,debt_to_income,loan_amount
0.6115879828326181,0.5507559395248381,0.37852494577006507,0.8125,0.308,0.3105413105413107
0.45493562231759666,0.44816414686825057,0.824295010845987,1.0,0.352,0.9216524216524218
0.36480686695278974,0.7613390928725703,0.8449023861171366,0.375,0.604,0.4715099715099716
0.5783261802575108,0.43628509719222464,0.7429501084598699,0.8125,0.485,0.44586894586894593
0.7542918454935623,0.1511879049676026,0.8015184381778743,0.1875,0.178,0.8148148148148151
0.26394849785407726,0.306695464362851,0.6887201735357917,0.0,0.25,0.8034188034188037
0.859442060085837,0.5507559395248381,0.6713665943600867,0.75,0.427,0.3333333333333334
0.7446351931330473,0.593952483801296,0.5759219088937093,0.875,0.448,0.20227920227920232
0.24463519313304727,0.25269978401727866,0.6464208242950109,0.9375,0.29,0.482905982905983
0.5203862660944207,0.3272138228941685,0.3036876355748373,0.4375,0.332,0.40598290598290604
0.8733905579399143,0.12634989200863933,0.8438177874186551,0.9375,0.109,0.6951566951566954
0.25643776824034337,0.6684665226781858,0.9327548806941433,1.0,0.58,0.6894586894586896
0.2145922746781116,0.502159827213823,0.6203904555314534,0.125,0.491,1.0000000000000002
0.5418454935622319,0.5161987041036719,0.5878524945770065,0.3125,0.443,0.9572649572649574
0.5236051502145924,0.6090712742980562,0.37093275488069416,0.0625,0.431,0.8589743589743593
0.3476394849785408,0.2764578833693305,0.9349240780911063,0.3125,0.322,0.47863247863247876
0.8465665236051503,0.3002159827213823,0.7885032537960955,0.25,0.18,0.2920227920227921
0.14914163090128757,0.5734341252699786,0.8058568329718006,0.6875,0.532,0.7108262108262111
0.7317596566523606,0.3563714902807775,0.8720173535791758,0.9375,0.197,0.5740740740740742
0.8079399141630903,0.3768898488120951,0.5737527114967462,0.5,0.276,0.720797720797721
0.7714592274678113,0.44816414686825057,0.7841648590021693,0.0,0.382,0.7336182336182338
0.3465665236051503,0.7105831533477324,0.8665943600867679,0.25,0.654,0.492877492877493
0.47424892703862664,0.25593952483801297,0.8177874186550976,0.5625,0.193,0.6894586894586896
0.5836909871244635,0.0388768898488121,0.665943600867679,0.5,0.121,0.33190883190883197
0.2800429184549357,0.010799136069114472,0.6138828633405641,0.5625,0.142,0.7606837606837609
0.8948497854077254,0.7829373650107992,0.5130151843817788,0.625,0.575,0.06837606837606836
0.6748927038626611,0.388768898488121,0.6431670281995663,1.0,0.387,0.787749287749288
0.6545064377682405,0.0961123110151188,0.6995661605206074,0.3125,0.021,0.5598290598290598
0.536480686695279,0.7138228941684667,0.1594360086767896,0.6875,0.568,0.2763532763532764
0.7070815450643777,0.17278617710583155,0.7928416485900218,0.875,0.086,0.18233618233618237
0.0976394849785408,0.6868250539956805,0.4013015184381779,1.0,0.616,0.5470085470085473
0.5515021459227468,0.1652267818574514,0.5010845986984817,0.75,0.318,0.5142450142450143
0.9195278969957084,0.22354211663066959,0.08568329718004339,0.0,0.179,0.7122507122507125
0.7961373390557941,0.25269978401727866,0.804772234273319,0.75,0.033,0.7592592592592593
0.47532188841201717,0.31857451403887693,0.6941431670281996,0.9375,0.336,0.6153846153846154
0.703862660944206,0.49460043196544284,0.797180043383948,0.6875,0.328,0.13105413105413116
0.5225321888412018,0.18034557235421167,0.631236442516269,0.875,0.273,0.9059829059829063
0.49034334763948506,0.6123110151187906,0.5130151843817788,0.1875,0.523,0.9715099715099718
0.6770386266094423,0.4136069114470843,0.5672451193058569,0.8125,0.304,0.11396011396011402
0.35729613733905585,0.6749460043196546,0.6648590021691975,0.75,0.611,0.7792022792022792
0.3776824034334765,0.4568034557235422,0.8210412147505423,0.375,0.462,0.7321937321937324
0.6566523605150216,0.5442764578833694,0.7418655097613883,0.125,0.422,0.6424501424501425
0.6566523605150216,0.2721382289416847,0.9707158351409979,0.375,0.202,0.633903133903134
0.4087982832618026,0.6123110151187906,0.6008676789587852,0.125,0.529,0.17806267806267811
0.655579399141631,0.511879049676026,0.8036876355748374,0.625,0.434,0.34472934472934486
0.4924892703862662,0.07667386609071275,0.5932754880694143,0.5,0.035,0.29914529914529925
0.7650214592274679,0.1468682505399568,0.9327548806941433,0.375,0.095,0.5099715099715101
0.7231759656652361,0.16414686825053998,0.60412147505423,0.125,0.111,0.05270655270655278
0.5139484978540774,0.40388768898488125,0.4707158351409979,0.5,0.319,0.321937321937322
0.626609442060086,0.5323974082073435,0.3665943600867679,0.125,0.475,0.25071225071225073
0.4388412017167383,0.17602591792656588,0.6507592190889372,0.6875,0.112,0.0868945868945869
0.4109442060085837,0.480561555075594,0.6984815618221258,0.625,0.414,0.5441595441595444
0.9763948497854078,0.6727861771058317,0.3720173535791757,0.625,0.363,0.14957264957264965
0.5536480686695279,0.1987041036717063,0.44468546637744033,1.0,0.233,0.4629629629629631
0.4495708154506438,0.3455723542116631,0.883947939262473,0.125,0.296,0.27207977207977213
0.5611587982832619,0.6933045356371492,0.6713665943600867,0.0,0.561,0.8190883190883194
0.6298283261802576,0.523758099352052,0.8709327548806942,0.0,0.441,0.18518518518518517
0.33369098712446355,0.053995680345572374,0.5553145336225597,0.4375,0.028,0.7094017094017095
0.2789699570815451,0.5604751619870412,0.7321041214750542,0.125,0.572,0.7820512820512822
0.15021459227467812,0.4600431965442765,0.561822125813449,0.0625,0.443,0.35327635327635337
0.36158798283261806,0.7051835853131752,0.8524945770065077,0.8125,0.603,0.52991452991453
0.5697424892703863,0.7591792656587474,0.6735357917570499,0.5625,0.595,0.47578347578347585
0.2092274678111588,0.8444924406047518,0.8817787418655099,0.5,0.828,0.700854700854701
0.15450643776824036,0.12203023758099354,0.3329718004338395,0.5625,0.303,0.7535612535612537
0.5547210300429185,0.6576673866090714,0.7982646420824296,1.0,0.664,0.18660968660968663
0.8336909871244635,0.6425485961123112,0.7017353579175705,0.5,0.457,0.18233618233618237
0.721030042918455,0.3920086393088553,0.32646420824295014,0.5625,0.254,0.6096866096866098
0.26931330472103004,0.4157667386609072,0.8579175704989155,0.0,0.395,0.2521367521367522
0.3905579399141631,0.26889848812095035,0.7635574837310196,0.9375,0.339,0.8461538461538465
0.5804721030042919,0.24190064794816418,0.6876355748373102,0.6875,0.337,0.39031339031339035
0.29613733905579404,0.2991360691144709,0.6095444685466378,0.75,0.365,0.1880341880341881
0.6695278969957082,0.2311015118790497,0.9208242950108461,0.5,0.142,0.6509971509971513
0.5836909871244635,0.5248380129589634,0.8351409978308026,0.0,0.446,0.3133903133903135
0.6319742489270387,0.37904967602591794,0.6876355748373102,0.5625,0.324,0.908831908831909
0.7703862660944207,0.4643628509719223,0.903470715835141,0.125,0.332,0.8105413105413106
0.3347639484978541,0.14902807775377971,0.7429501084598699,0.6875,0.162,0.8447293447293449
0.5021459227467812,0.24190064794816418,0.883947939262473,0.125,0.05,0.767806267806268
0.5268240343347641,0.8056155507559397,0.3774403470715835,0.9375,0.61,0.22792022792022798
0.3959227467811159,0.6868250539956805,0.834056399132321,0.75,0.677,0.2421652421652422
0.4678111587982833,0.16846652267818574,0.4924078091106291,0.4375,0.21,0.4102564102564103
0.7864806866952792,0.338012958963283,0.44468546637744033,0.125,0.066,0.3005698005698007
0.832618025751073,0.6263498920086394,0.39154013015184386,0.9375,0.432,0.3831908831908832
0.8218884120171674,0.2537796976241901,0.3286334056399132,0.875,0.021,0.4287749287749288
0.15557939914163094,0.623110151187905,0.8026030368763558,0.125,0.767,0.9786324786324789
0.6813304721030045,0.39416846652267823,0.7158351409978309,0.25,0.316,0.713675213675214
0.09871244635193133,0.1652267818574514,0.21475054229934926,0.4375,0.206,0.9586894586894588
0.4731759656652361,0.2937365010799136,0.6409978308026031,0.75,0.346,0.6823361823361827
0.4570815450643777,0.5215982721382291,0.8969631236442517,0.1875,0.4,0.8746438746438749
0.5643776824034336,0.6187904967602593,0.824295010845987,1.0,0.543,0.21367521367521375
0.7864806866952792,0.34125269978401734,0.5032537960954447,0.375,0.235,0.01139601139601143
0.4871244635193134,0.7915766738660909,0.6279826464208244,0.5625,0.562,0.5484330484330486
0.32081545064377687,0.7181425485961125,0.5412147505422993,0.9375,0.692,0.9985754985754989
0.9109442060085838,0.7159827213822896,0.6268980477223428,0.125,0.376,0.32621082621082637
0.7875536480686697,0.4600431965442765,0.7006507592190889,1.0,0.421,0.13675213675213688
0.1641630901287554,0.2019438444924406,0.39913232104121477,0.3125,0.309,0.28347578347578356
0.49034334763948506,0.5853131749460045,0.8383947939262473,0.5,0.42,0.3162393162393164
0.8122317596566525,0.17710583153347734,0.8134490238611713,0.0625,0.0,0.653846153846154
0.33690987124463523,0.3930885529157668,0.7722342733188721,0.25,0.518,0.4772079772079773
0.3240343347639485,0.38984881209503247,0.586767895878525,0.8125,0.507,0.9245014245014247
0.8948497854077254,0.43304535637149033,0.6973969631236443,0.3125,0.177,0.7492877492877494
0.9581545064377683,0.8876889848812096,0.5271149674620391,1.0,0.714,0.7421652421652423
0.7221030042918456,0.4265658747300216,0.9642082429501084,0.9375,0.327,0.821937321937322
0.35729613733905585,0.6954643628509721,0.27874186550976143,0.5625,0.599,0.425925925925926
0.8218884120171674,0.18898488120950327,0.9620390455531453,0.4375,0.105,0.10968660968660976
0.5193133047210301,0.23866090712742982,0.804772234273319,0.125,0.212,0.2606837606837607
0.4388412017167383,0.026997840172786176,0.8004338394793927,0.1875,0.204,0.08831908831908836
0.5160944206008584,0.5053995680345573,0.8221258134490238,0.9375,0.442,0.9159544159544162
0.16094420600858372,0.22246220302375813,0.7678958785249458,0.875,0.183,0.3162393162393164
0.7596566523605152,0.28509719222462204,0.8123644251626898,0.0,0.356,0.5698005698005699
0.6309012875536482,0.6825053995680347,0.8036876355748374,0.5,0.596,0.37606837606837623
0.39914163090128757,0.49892008639308855,0.7180043383947939,1.0,0.377,0.5940170940170941
0.8454935622317598,0.14902807775377971,0.39913232104121477,0.4375,0.048,0.29344729344729353
0.7521459227467813,0.697624190064795,0.2527114967462039,0.625,0.439,0.6723646723646726
0.4206008583690988,0.23002159827213825,0.6670281995661607,0.9375,0.257,0.26495726495726496
0.8572961373390559,0.449244060475162,0.4566160520607375,0.0625,0.323,0.2421652421652422
0.3347639484978541,0.3110151187904968,0.7646420824295012,0.75,0.355,0.26210826210826216
0.5836909871244635,0.6047516198704105,0.1963123644251627,0.5625,0.44,0.3789173789173789
0.8154506437768242,0.029157667386609076,0.5650759219088937,0.0,0.0,0.6267806267806268
0.5000000000000001,0.12095032397408209,0.8546637744034707,0.6875,0.214,0.8831908831908835
0.7778969957081546,0.5086393088552916,0.8492407809110629,1.0,0.352,0.03846153846153849
0.22639484978540775,0.1025917926565875,0.3676789587852494,0.6875,0.382,0.9017094017094021
0.43454935622317603,0.5712742980561557,0.8351409978308026,0.4375,0.442,0.7692307692307694
0.0976394849785408,0.46868250539956813,0.9370932754880694,0.3125,0.579,0.3376068376068377
0.7103004291845494,0.37257019438444927,0.8720173535791758,0.1875,0.281,0.15954415954415951
0.8100858369098713,0.2602591792656588,0.9490238611713666,0.6875,0.11,0.6880341880341883
0.16094420600858372,0.4881209503239741,0.5770065075921909,0.9375,0.619,0.4316239316239317
0.5504291845493564,0.3822894168466523,0.49891540130151846,0.25,0.339,0.8575498575498577
0.7607296137339057,0.357451403887689,0.7668112798264642,0.4375,0.186,0.4444444444444445
0.7006437768240343,0.6857451403887691,0.6919739696312365,0.75,0.489,0.925925925925926
0.36158798283261806,0.2937365010799136,0.8297180043383948,0.6875,0.393,0.5783475783475784
0.7274678111587983,0.7332613390928726,0.4436008676789588,0.5625,0.449,0.17806267806267811
0.4484978540772533,0.2494600431965443,0.6724511930585683,0.75,0.363,0.633903133903134
0.6942060085836911,0.709503239740821,0.31344902386117135,1.0,0.583,0.49430199430199445
0.1051502145922747,0.09503239740820735,0.5553145336225597,0.1875,0.22,0.22649572649572663
0.6952789699570816,0.5410367170626351,0.9826464208242951,0.0625,0.508,0.7905982905982907
0.7274678111587983,0.43844492440604754,0.5238611713665944,1.0,0.452,0.8361823361823364
0.6684549356223177,0.7840172786177108,0.9316702819956617,0.25,0.639,0.9601139601139603
0.17060085836909872,0.8941684665226783,0.5672451193058569,0.5625,0.828,0.8732193732193734
0.6695278969957082,0.7948164146868252,0.9316702819956617,0.875,0.74,0.6623931623931625
0.895922746781116,0.49028077753779703,0.3449023861171367,0.0,0.425,0.18091168091168092
0.6856223175965666,0.5604751619870412,0.8698481561822127,0.6875,0.355,0.8746438746438749
0.9227467811158799,0.1695464362850972,0.8579175704989155,0.5625,0.053,0.52991452991453
0.5107296137339057,0.03455723542116631,0.6030368763557484,0.625,0.068,0.586894586894587
0.7982832618025753,0.0593952483801296,0.3004338394793926,0.0,0.0,0.512820512820513
0.22424892703862664,0.2764578833693305,0.3275488069414317,0.6875,0.231,0.8575498575498577
0.7328326180257512,0.1943844492440605,0.8264642082429501,1.0,0.207,0.2891737891737893
0.48068669527897,0.37796976241900654,0.16919739696312366,0.8125,0.352,0.19943019943019952
0.7199570815450644,0.08099352051835854,0.7657266811279827,0.6875,0.067,0.8062678062678064
0.5901287553648069,0.4136069114470843,0.6681127982646422,0.125,0.447,0.12820512820512825
0.6791845493562233,0.5064794816414688,0.7169197396963124,0.375,0.344,0.28062678062678065
0.415236051502146,0.2991360691144709,0.60412147505423,0.3125,0.302,0.5270655270655271
0.4463519313304722,0.18466522678185748,0.33405639913232105,0.8125,0.233,0.11396011396011402
0.7328326180257512,0.49784017278617715,0.5140997830802604,0.625,0.332,0.29629629629629634
0.6845493562231761,0.27969762419006483,0.6800433839479393,0.8125,0.208,0.7521367521367524
0.8079399141630903,0.18142548596112312,0.4316702819956617,0.375,0.167,0.4985754985754987
0.5096566523605152,0.5151187904967603,0.6160520607375272,0.6875,0.439,0.6196581196581199
0.3723175965665237,0.5442764578833694,0.18872017353579174,0.375,0.6,0.21937321937321946
0.18776824034334766,0.7138228941684667,0.561822125813449,0.1875,0.621,0.6239316239316242
0.16523605150214596,0.06047516198704104,0.7396963123644252,0.375,0.214,0.2521367521367522
0.5139484978540774,0.7181425485961125,0.1561822125813449,0.0625,0.482,0.4629629629629631
0.33154506437768244,0.4470842332613391,0.735357917570499,0.9375,0.43,0.4985754985754987
0.8251072961373391,0.3142548596112311,0.6247288503253796,0.875,0.15,0.31766381766381774
0.4442060085836911,0.3617710583153348,0.9316702819956617,0.375,0.447,0.4102564102564103
0.23175965665236054,0.1652267818574514,0.3492407809110629,0.9375,0.314,0.8262108262108263
0.7757510729613735,0.4092872570194385,0.6887201735357917,0.3125,0.325,0.41452991452991456
0.507510729613734,0.6619870410367172,0.3524945770065076,0.3125,0.688,0.9686609686609688
0.7381974248927039,0.29805615550755943,0.4707158351409979,0.125,0.323,0.321937321937322
0.36158798283261806,0.45356371490280784,0.20173535791757052,0.375,0.489,0.2977207977207978
0.6899141630901288,0.5086393088552916,0.4186550976138829,0.5,0.333,0.3461538461538463
0.3508583690987125,0.4179265658747301,0.11496746203904554,0.375,0.303,0.8703703703703707
0.3562231759656653,0.5831533477321816,0.6995661605206074,0.9375,0.531,0.49430199430199445
0.06974248927038627,0.08639308855291578,0.752711496746204,0.25,0.219,0.8760683760683763
0.21673819742489275,0.3045356371490281,0.9175704989154014,0.5625,0.317,0.7564102564102566
0.3894849785407726,0.22894168466522682,0.5216919739696313,0.9375,0.239,0.31766381766381774
0.19527896995708158,0.17278617710583155,0.18546637744034705,0.375,0.149,0.284900284900285
0.7929184549356224,0.5669546436285099,0.787418655097614,0.5625,0.511,0.16239316239316243
0.388412017167382,0.18898488120950327,0.6420824295010846,0.9375,0.146,0.45441595441595445
0.3401287553648069,0.789416846652268,0.9479392624728851,0.75,0.639,0.8162393162393164
0.94206008583691,0.514038876889849,0.6247288503253796,0.6875,0.361,0.23504273504273515
0.2778969957081545,0.32073434125269984,0.23969631236442518,0.625,0.237,0.9415954415954417
0.4324034334763949,0.5291576673866092,0.5813449023861171,0.25,0.541,0.18233618233618237
0.5000000000000001,0.49028077753779703,0.31344902386117135,0.0625,0.495,0.8105413105413106
0.6673819742489272,0.5064794816414688,0.8351409978308026,0.3125,0.366,0.20370370370370378
0.8369098712446352,0.47192224622030243,0.44034707158351405,0.0625,0.235,0.8290598290598292
0.5976394849785408,0.726781857451404,0.7863340563991325,0.5625,0.536,0.2094017094017095
0.4324034334763949,0.3498920086393089,0.6355748373101953,0.125,0.199,0.8603988603988606
0.5933476394849786,0.34125269978401734,0.5997830802603037,0.5625,0.392,0.4287749287749288
0.07832618025751073,0.29049676025917925,0.7960954446854664,0.5,0.398,0.4686609686609688
0.3755364806866954,0.5971922246220304,0.517353579175705,1.0,0.482,0.20370370370370378
0.4613733905579399,0.21814254859611235,0.8026030368763558,0.625,0.164,0.24358974358974367
0.7532188841201718,0.2883369330453564,0.5379609544468547,1.0,0.247,0.32905982905982917
0.8551502145922748,0.3444924406047517,0.14099783080260306,1.0,0.33,0.7977207977207978
0.4195278969957082,0.07235421166306696,0.8709327548806942,0.1875,0.041,0.8589743589743593
0.7907725321888414,0.6198704103671707,0.8991323210412148,0.9375,0.395,0.10256410256410259
0.6276824034334765,0.1965442764578834,0.7310195227765727,0.5,0.037,0.4558404558404559
0.6469957081545066,0.15874730021598274,0.8665943600867679,0.75,0.189,0.04131054131054135
0.6952789699570816,0.277537796976242,0.6290672451193059,0.375,0.224,0.09971509971509979
0.4377682403433477,0.3336933045356372,0.9414316702819958,0.375,0.496,0.6823361823361827
0.599785407725322,0.38120950323974084,0.7125813449023861,0.0,0.306,0.5099715099715101
0.4388412017167383,0.38768898488120956,0.6377440347071585,0.3125,0.332,0.8789173789173792
0.8851931330472104,0.4416846652267819,0.5650759219088937,0.25,0.227,0.7336182336182338
0.8036480686695281,0.2624190064794817,0.2809110629067245,0.6875,0.235,0.12108262108262119
0.9012875536480688,0.1598272138228942,0.6409978308026031,0.4375,0.0,0.4344729344729345
0.5193133047210301,0.8012958963282939,0.4186550976138829,0.3125,0.706,0.8831908831908835
0.6512875536480688,0.543196544276458,0.490238611713666,0.0625,0.439,0.7435897435897436
0.8948497854077254,0.44492440604751626,0.8958785249457701,0.8125,0.242,0.4472934472934474
0.7628755364806868,0.06047516198704104,0.6572668112798266,0.5,0.0,0.36609686609686626
0.4581545064377682,0.35205183585313177,0.7245119305856833,0.75,0.413,0.6153846153846154
0.22746781115879833,0.37041036717062636,0.5737527114967462,0.25,0.552,0.5811965811965814
0.09442060085836912,0.18358531317494603,0.8568329718004338,0.125,0.277,0.6680911680911683
0.41845493562231767,0.2105831533477322,0.5260303687635576,0.125,0.279,0.8618233618233622
0.12553648068669532,0.12526997840172788,0.7494577006507592,0.8125,0.391,0.5071225071225072
0.5665236051502146,0.05291576673866092,0.5737527114967462,0.6875,0.035,0.3675213675213677
0.38090128755364816,0.5604751619870412,0.918655097613883,0.0625,0.49,0.5441595441595444
0.3251072961373391,0.47624190064794825,0.368763557483731,0.1875,0.37,0.891737891737892
0.18562231759656656,0.18790496760259182,0.8633405639913232,0.3125,0.277,0.3703703703703705
0.6083690987124464,0.5669546436285099,0.7071583514099783,0.5625,0.444,0.4715099715099716
0.5515021459227468,0.20302375809935205,0.9349240780911063,1.0,0.165,0.6737891737891739
0.7693133047210302,0.857451403887689,0.5336225596529285,0.75,0.565,0.4230769230769231
0.7145922746781116,0.16846652267818574,0.8926247288503254,0.6875,0.006,0.6737891737891739
0.5300429184549358,0.4838012958963284,0.8221258134490238,0.3125,0.308,0.5384615384615385
0.7542918454935623,0.4190064794816415,0.4826464208242951,0.875,0.226,0.07977207977207984
0.626609442060086,0.4049676025917927,0.23210412147505421,1.0,0.374,0.38461538461538464
0.40128755364806873,0.40064794816414695,0.7136659436008677,0.9375,0.347,0.24928774928774927
0.6523605150214593,0.42224622030237585,0.31670281995661603,0.8125,0.266,0.4102564102564103
0.28862660944206014,0.40172786177105835,0.9468546637744035,0.25,0.467,0.4985754985754987
0.5321888412017168,0.20950323974082075,0.45986984815618226,0.0,0.249,0.351851851851852
0.6695278969957082,0.14146868250539957,0.5824295010845987,0.8125,0.061,0.6794871794871797
0.6663090128755366,0.6965442764578835,0.841648590021692,0.375,0.483,0.8589743589743593
0.8240343347639486,0.1717062634989201,0.5401301518438177,0.375,0.148,0.5997150997151
0.3937768240343348,0.5712742980561557,0.7039045553145337,0.75,0.541,0.8361823361823364
0.8905579399141632,0.6306695464362853,0.6995661605206074,0.0625,0.355,0.7592592592592593
0.6115879828326181,0.7354211663066955,0.7483731019522777,0.0,0.592,0.9216524216524218
0.6598712446351933,0.3736501079913607,0.46746203904555317,0.0625,0.291,0.1880341880341881
0.43454935622317603,0.5356371490280779,0.8101952277657266,0.1875,0.561,0.9430199430199431
0.4527896995708155,0.16090712742980565,0.8785249457700651,0.125,0.127,0.18518518518518517
0.42918454935622324,0.22678185745140392,0.12147505422993493,0.625,0.316,0.33903133903133914
0.3776824034334765,0.35205183585313177,0.6908893709327548,0.625,0.388,0.8176638176638178
0.3755364806866954,0.5161987041036719,0.648590021691974,0.75,0.401,0.2678062678062679
0.5268240343347641,0.29265658747300216,0.11605206073752711,0.625,0.351,0.9159544159544162
0.6448497854077254,0.4233261339092873,0.6355748373101953,0.5,0.403,0.871794871794872
0.24570815450643785,0.23974082073434128,0.8806941431670282,0.875,0.209,0.12535612535612545
0.4377682403433477,0.8056155507559397,0.5119305856832972,0.75,0.826,0.7948717948717949
0.3755364806866954,0.4157667386609072,0.9175704989154014,0.3125,0.317,0.9131054131054133
0.5547210300429185,0.07883369330453566,0.06941431670281997,0.1875,0.034,0.4558404558404559
0.4463519313304722,0.7667386609071275,0.9446854663774404,0.75,0.619,0.6481481481481484
0.5236051502145924,0.38120950323974084,0.2700650759219089,0.4375,0.395,0.6068376068376069
0.4581545064377682,0.3455723542116631,0.6865509761388287,0.25,0.373,0.5883190883190885
0.3165236051502146,0.57451403887689,0.60412147505423,0.25,0.53,0.6951566951566954
0.5536480686695279,0.7915766738660909,0.4750542299349241,0.3125,0.737,0.7763532763532766
0.34120171673819744,0.8012958963282939,0.7440347071583514,0.0625,0.73,1.0000000000000002
0.9120171673819744,0.6414686825053997,0.2993492407809111,0.6875,0.527,0.10968660968660976
0.19420600858369103,0.8995680345572356,0.7830802603036877,0.4375,1.0,0.5641025641025641
0.8240343347639486,0.963282937365011,0.7418655097613883,0.375,0.699,0.11680911680911682
0.5622317596566524,0.3617710583153348,0.9750542299349241,0.125,0.114,0.07122507122507121
0.6770386266094423,0.15874730021598274,0.6475054229934925,1.0,0.094,0.1509971509971511
0.3851931330472103,0.25593952483801297,0.7841648590021693,0.75,0.2,0.8575498575498577
0.7832618025751075,0.41144708423326143,0.8470715835140998,0.3125,0.293,0.2763532763532764
0.517167381974249,0.28725701943844495,0.6095444685466378,0.125,0.276,0.586894586894587
0.06008583690987125,0.19114470842332615,0.9577006507592192,0.25,0.231,0.44871794871794884
0.7296137339055795,0.2494600431965443,0.6984815618221258,0.4375,0.093,0.8076923076923079
0.9452789699570817,0.39632829373650114,0.8633405639913232,0.875,0.209,0.10398860398860404
0.6620171673819744,0.7246220302375811,0.5401301518438177,0.8125,0.537,0.44586894586894593
0.7553648068669528,0.57451403887689,0.0,0.875,0.215,0.30769230769230776
0.8304721030042919,0.03995680345572355,0.5563991323210412,0.5,0.072,0.11396011396011402
0.16309012875536483,0.2041036717062635,0.17353579175704992,0.125,0.309,0.2393162393162394
0.15450643776824036,0.5788336933045358,0.3524945770065076,0.1875,0.586,0.5911680911680912
0.4173819742489271,0.17062634989200864,0.4121475054229935,0.3125,0.233,0.25925925925925924
0.626609442060086,0.6727861771058317,0.7722342733188721,0.0625,0.445,0.1111111111111111
0.2124463519313305,0.2753779697624191,0.17570498915401306,0.5,0.341,0.928774928774929
0.721030042918455,0.4460043196544277,0.38286334056399135,0.0,0.409,0.3490028490028491
0.8819742489270387,0.736501079913607,0.9164859002169198,0.0625,0.582,0.07264957264957267
0.953862660944206,0.2721382289416847,0.6583514099783081,0.6875,0.171,0.4529914529914531
0.5600858369098712,0.5820734341252701,0.5997830802603037,0.375,0.453,0.5199430199430202
0.7510729613733906,0.4600431965442765,0.9381778741865512,1.0,0.268,0.5982905982905984
0.582618025751073,0.6468682505399569,0.4468546637744035,0.8125,0.619,0.46011396011396016
0.5472103004291847,0.13390928725701945,0.46963123644251625,0.25,0.187,0.15954415954415951
0.3873390557939914,0.3120950323974082,0.4945770065075923,0.8125,0.291,0.6581196581196582
0.8551502145922748,0.11555075593952485,0.7646420824295012,0.625,0.0,0.245014245014245
0.5836909871244635,0.7354211663066955,0.841648590021692,0.125,0.514,0.871794871794872
0.5654506437768241,0.3930885529157668,0.6171366594360087,0.5625,0.184,0.3133903133903135
0.4227467811158799,0.8444924406047518,0.8091106290672451,0.3125,0.805,0.43874643874643876
0.34120171673819744,0.5000000000000001,0.8026030368763558,0.0,0.49,0.33903133903133914
0.1309012875536481,0.5097192224622031,0.9848156182212582,0.25,0.484,0.4529914529914531
0.4603004291845494,0.4373650107991361,0.6800433839479393,0.1875,0.375,0.3190883190883192
0.5590128755364807,0.3023758099352052,0.7234273318872018,0.6875,0.47,0.5626780626780628
0.7467811158798284,0.6339092872570196,0.656182212581345,0.4375,0.556,0.40883190883190884
0.3347639484978541,0.5345572354211664,0.4609544468546638,0.125,0.398,0.9843304843304845
0.6062231759656653,0.3747300215982722,0.8817787418655099,0.4375,0.298,0.22934472934472944
0.6394849785407727,0.4578833693304536,0.5130151843817788,1.0,0.265,0.8404558404558407
0.6845493562231761,0.22246220302375813,0.4511930585683297,0.75,0.039,0.24786324786324793
0.8744635193133048,0.40604751619870416,0.5260303687635576,0.0625,0.27,0.3888888888888889
0.7542918454935623,0.41684665226781864,0.29609544468546645,0.1875,0.487,0.8903133903133906
0.9184549356223177,0.12203023758099354,0.1594360086767896,0.5,0.156,0.5997150997151
0.33905579399141633,0.24082073434125273,0.7472885032537961,0.5625,0.287,0.9330484330484332
0.5311158798283263,0.7926565874730023,0.5,0.6875,0.609,0.6239316239316242
0.7457081545064379,0.6166306695464364,0.7212581344902387,0.3125,0.464,0.3376068376068377
0.6448497854077254,0.5097192224622031,0.6247288503253796,1.0,0.479,0.6737891737891739
0.6115879828326181,0.5280777537796978,0.4338394793926247,0.3125,0.307,0.6424501424501425
0.22961373390557943,0.6209503239740821,0.7603036876355749,0.625,0.45,0.2336182336182337
0.7167381974248928,0.41036717062635,0.9175704989154014,0.5,0.451,0.16096866096866097
0.22961373390557943,0.14362850971922247,0.45770065075921906,0.875,0.264,0.9544159544159545
0.599785407725322,0.0755939524838013,0.7234273318872018,0.3125,0.215,0.6495726495726497
0.94206008583691,0.5766738660907129,0.43492407809110634,0.5625,0.383,0.6937321937321939
0.8390557939914164,0.5151187904967603,0.9446854663774404,0.875,0.464,0.20085470085470086
0.3916309012875537,0.1468682505399568,0.6236442516268981,0.1875,0.152,0.9031339031339034
0.6158798283261804,0.9622030237580995,0.6160520607375272,0.5,0.78,0.4472934472934474
0.6115879828326181,0.3844492440604752,0.4880694143167028,0.4375,0.436,0.21367521367521375
0.24785407725321895,0.14902807775377971,0.6073752711496746,0.25,0.322,0.46438746438746453
0.39914163090128757,0.3444924406047517,0.7418655097613883,0.625,0.308,0.4131054131054131
0.09978540772532188,0.2742980561555076,0.40347071583514105,0.0,0.446,0.2820512820512821
0.6866952789699571,0.14902807775377971,0.4273318872017354,0.5625,0.066,0.6908831908831912
0.94206008583691,0.25485961123110157,0.7809110629067246,0.9375,0.013,0.6282051282051284
0.47854077253218885,0.6339092872570196,0.48373101952277664,0.8125,0.577,0.3376068376068377
0.23927038626609448,0.4265658747300216,0.9143167028199567,0.6875,0.561,0.6980056980056983
0.20278969957081544,0.006479481641468686,0.22993492407809113,0.5625,0.216,0.8831908831908835
0.7682403433476396,0.449244060475162,0.7147505422993492,0.9375,0.219,0.3133903133903135
0.6330472103004293,0.1393088552915767,0.22234273318872022,0.375,0.196,0.45441595441595445
0.34120171673819744,0.09827213822894171,0.24511930585683295,0.125,0.232,0.31481481481481494
0.3637339055793992,0.5809935205183587,0.6160520607375272,0.5,0.493,0.5754985754985755
0.5954935622317598,0.758099352051836,0.7722342733188721,0.5625,0.399,0.35327635327635337
0.2800429184549357,0.18682505399568036,0.4880694143167028,0.5,0.341,0.8589743589743593
0.7392703862660945,0.57451403887689,0.6594360086767896,0.6875,0.49,0.21082621082621095
0.5912017167381974,0.12203023758099354,0.693058568329718,0.0,0.165,0.04985754985754992
0.378755364806867,0.7278617710583154,0.9479392624728851,0.25,0.497,0.9415954415954417
0.5472103004291847,0.5907127429805616,0.5227765726681128,0.3125,0.367,0.23789173789173795
0.6115879828326181,0.40820734341252707,0.6236442516268981,0.625,0.412,0.5555555555555556
0.025751072961373384,0.4600431965442765,0.5574837310195228,0.5625,0.598,0.9017094017094021
0.8701716738197426,0.45356371490280784,0.29609544468546645,0.9375,0.333,0.27492877492877493
0.8197424892703863,0.2602591792656588,0.7125813449023861,0.75,0.144,0.7492877492877494
0.5633047210300429,0.2807775377969763,0.8579175704989155,0.375,0.282,0.35042735042735057
0.4098712446351932,0.15874730021598274,0.40347071583514105,0.4375,0.16,0.2364672364672366
0.35193133047210307,0.879049676025918,0.6106290672451193,0.875,0.728,0.3005698005698007
0.8583690987124465,0.4416846652267819,0.621475054229935,0.75,0.219,0.7350427350427351
0.7156652360515022,0.8887688984881211,0.6767895878524945,0.0,0.679,0.3190883190883192
0.15557939914163094,0.18790496760259182,0.6670281995661607,0.5,0.263,0.9316239316239319
0.12553648068669532,0.5615550755939527,0.4533622559652929,0.25,0.657,0.6752136752136755
0.5654506437768241,0.37796976241900654,0.63882863340564,0.375,0.379,0.8860398860398864
0.23068669527897,0.4211663066954644,0.8026030368763558,0.875,0.384,0.25356125356125364
0.2553648068669528,1.0,0.4468546637744035,0.25,1.0,1.0000000000000002
0.9399141630901289,0.43304535637149033,0.3882863340563991,0.4375,0.169,0.7663817663817665
0.9667381974248928,0.3272138228941685,0.8958785249457701,0.8125,0.208,0.5413105413105415
0.9796137339055795,0.37796976241900654,0.5835140997830802,0.8125,0.292,0.06837606837606836
0.1512875536480687,0.14578833693304535,0.7212581344902387,0.9375,0.368,1.0000000000000002
0.4603004291845494,0.32073434125269984,0.27440347071583515,0.6875,0.133,0.7321937321937324
0.009656652360515022,0.17926565874730022,0.6702819956616053,0.75,0.41,0.42450142450142453
0.14914163090128757,0.9395248380129592,0.8427331887201736,0.375,0.952,1.0000000000000002
0.5869098712446352,0.4049676025917927,0.47180043383947945,0.1875,0.451,0.17806267806267811
0.40128755364806873,0.34125269978401734,0.6431670281995663,0.6875,0.164,0.18233618233618237
0.3079399141630902,0.19762419006479484,0.8308026030368764,0.75,0.207,0.12108262108262119
0.7832618025751075,0.04535637149028079,0.49132321041214755,0.75,0.007,0.4316239316239317
0.6212446351931331,0.3272138228941685,0.9826464208242951,0.5,0.233,0.37749287749287747
0.7392703862660945,0.6749460043196546,0.7440347071583514,0.0625,0.601,0.17948717948717957
0.12768240343347642,0.5259179265658749,0.8947939262472886,0.9375,0.5,0.6609686609686611
0.5032188841201718,0.5097192224622031,0.8774403470715836,0.6875,0.535,0.9031339031339034
0.628755364806867,0.0367170626349892,0.3893709327548807,0.0,0.097,0.07122507122507121
0.8412017167381975,0.6015118790496761,0.44034707158351405,0.1875,0.295,0.5384615384615385
0.46995708154506444,0.5000000000000001,0.7928416485900218,0.8125,0.36,0.25356125356125364
0.7832618025751075,0.34881209503239746,0.8091106290672451,0.6875,0.202,0.41737891737891747
0.5203862660944207,0.15226781857451405,0.6952277657266811,0.4375,0.176,0.33618233618233634
0.5214592274678113,0.6868250539956805,0.368763557483731,0.4375,0.643,0.41168091168091175
0.7424892703862662,0.40172786177105835,0.8665943600867679,0.875,0.276,0.022792022792022804
0.7124463519313305,0.17602591792656588,0.8199566160520607,0.625,0.204,0.49430199430199445
0.5761802575107297,0.20518358531317496,0.9067245119305858,0.625,0.066,0.37606837606837623
0.8658798283261804,0.6706263498920088,0.8036876355748374,0.125,0.211,0.5527065527065529
0.6566523605150216,0.16306695464362853,0.5607375271149675,0.0,0.111,0.14672364672364685
0.45171673819742497,0.07883369330453566,0.7180043383947939,0.8125,0.17,0.9002849002849005
0.7757510729613735,0.6954643628509721,0.8817787418655099,0.6875,0.47,0.07549857549857547
0.415236051502146,0.2591792656587473,0.324295010845987,0.9375,0.195,0.24358974358974367
0.7156652360515022,0.3045356371490281,0.3492407809110629,0.5625,0.26,0.5641025641025641
0.4560085836909872,0.5053995680345573,0.9555314533622559,0.6875,0.602,0.29629629629629634
0.7070815450643777,0.18142548596112312,0.5184381778741867,0.25,0.129,0.20370370370370378
0.5032188841201718,0.514038876889849,0.7754880694143168,0.4375,0.383,0.5356125356125359
0.6459227467811159,0.4870410367170626,0.3568329718004339,0.125,0.313,0.6951566951566954
0.09978540772532188,0.4600431965442765,0.8286334056399133,0.125,0.67,1.0000000000000002
0.7929184549356224,0.5496760259179267,0.5184381778741867,0.375,0.383,0.3005698005698007
0.517167381974249,0.3293736501079914,0.8373101952277657,0.0625,0.349,0.6552706552706555
0.8648068669527897,0.6630669546436286,0.8969631236442517,0.5625,0.548,0.07834757834757838
0.7854077253218885,0.7084233261339095,0.6789587852494576,0.25,0.592,0.8518518518518521
0.9302575107296139,0.42224622030237585,0.3405639913232104,0.5,0.18,0.5099715099715101
0.7542918454935623,0.5248380129589634,0.2169197396963124,0.75,0.455,0.8319088319088321
0.7929184549356224,0.0,0.5748373101952278,0.0,0.047,0.11396011396011402
0.8240343347639486,0.543196544276458,0.4132321041214751,0.4375,0.411,0.45441595441595445
0.6781115879828328,0.5129589632829374,0.38611713665943603,0.125,0.472,0.720797720797721
0.3068669527896996,0.26673866090712745,0.8286334056399133,0.0625,0.267,0.1481481481481482
0.6491416309012876,0.25485961123110157,0.6442516268980478,0.6875,0.202,0.7350427350427351
0.12553648068669532,0.39092872570194387,0.7114967462039046,0.5,0.413,0.8205128205128207
0.8905579399141632,0.16630669546436286,0.18546637744034705,0.5625,0.135,0.6068376068376069
0.7349785407725322,0.4848812095032398,0.3893709327548807,0.75,0.302,0.16096866096866097
0.22317596566523606,0.316414686825054,0.8969631236442517,0.75,0.404,0.8504273504273507
0.859442060085837,0.09287257019438447,0.7950108459869849,0.0625,0.0,0.38746438746438744
0.784334763948498,0.5129589632829374,0.6377440347071585,0.4375,0.352,0.1509971509971511
0.09978540772532188,0.5464362850971923,0.834056399132321,0.5,0.548,0.37321937321937343
0.49356223175965674,0.08855291576673868,0.5596529284164858,0.25,0.119,0.767806267806268
0.8637339055793992,0.1781857451403888,0.7960954446854664,0.5625,0.102,0.27207977207977213
0.609442060085837,0.4859611231101512,0.37093275488069416,0.8125,0.375,0.3091168091168092
0.17060085836909872,0.40064794816414695,0.39154013015184386,0.75,0.432,0.5242165242165244
0.2049356223175966,0.4049676025917927,0.6030368763557484,0.1875,0.278,0.7407407407407409
0.6180257510729614,0.4308855291576674,0.5661605206073753,0.625,0.436,0.20797720797720803
0.8240343347639486,0.37041036717062636,0.9078091106290673,0.0625,0.195,0.10683760683760685
0.4334763948497855,0.388768898488121,0.6800433839479393,0.1875,0.348,0.6709401709401712
0.2435622317596567,0.27969762419006483,0.2700650759219089,0.375,0.273,0.908831908831909
0.3197424892703863,0.0777537796976242,0.8579175704989155,0.5,0.249,0.6923076923076925
0.7296137339055795,0.4827213822894169,0.43058568329718006,0.4375,0.281,0.8262108262108263
0.8658798283261804,0.2494600431965443,0.20281995661605207,0.25,0.184,0.19515669515669526
0.3175965665236052,0.46328293736501086,0.8535791757049892,0.1875,0.549,0.5056980056980058
0.2070815450643777,0.38768898488120956,0.8665943600867679,0.3125,0.562,0.5555555555555556
0.7564377682403435,0.15442764578833695,0.6149674620390456,1.0,0.198,0.29344729344729353
0.8819742489270387,0.8077753779697626,0.42841648590021697,0.4375,0.602,0.29914529914529925
0.4849785407725322,0.21382289416846653,0.6420824295010846,0.1875,0.128,0.7165242165242167
0.536480686695279,0.29049676025917925,0.5065075921908895,0.625,0.369,0.33618233618233634
0.26394849785407726,0.36717062634989206,0.5314533622559654,0.125,0.494,0.5584045584045585
0.15557939914163094,0.2062634989200864,0.9154013015184382,0.0625,0.377,0.6011396011396013
0.42596566523605156,0.35205183585313177,0.5379609544468547,0.6875,0.406,0.9857549857549859
0.3379828326180258,0.7667386609071275,0.3752711496746204,0.0,0.68,0.5170940170940173
0.45493562231759666,0.2678185745140389,0.7212581344902387,0.125,0.231,0.666666666666667
0.2049356223175966,0.5896328293736501,0.3774403470715835,0.25,0.666,0.5470085470085473
0.9409871244635195,0.14794816414686826,0.8275488069414316,0.25,0.149,0.6082621082621085
0.5890557939914164,0.030237580993520523,0.44034707158351405,0.625,0.0,0.3062678062678063
0.3905579399141631,0.7127429805615553,0.341648590021692,0.4375,0.693,0.24358974358974367
0.7864806866952792,0.18466522678185748,0.7765726681127983,0.625,0.137,0.40883190883190884
0.4431330472103005,0.7257019438444925,0.297180043383948,0.25,0.686,0.49715099715099725
0.313304721030043,0.234341252699784,0.4772234273318873,0.1875,0.309,0.36324786324786335
0.8519313304721031,0.57451403887689,0.6334056399132322,0.6875,0.477,0.2905982905982906
0.5300429184549358,0.7030237580993522,0.6822125813449024,0.0625,0.656,0.17948717948717957
0.747854077253219,0.3142548596112311,0.9598698481561823,0.125,0.295,0.6410256410256412
0.7693133047210302,0.3552915766738661,0.6973969631236443,0.5,0.139,0.4344729344729345
0.5590128755364807,0.18358531317494603,0.272234273318872,0.625,0.246,0.596866096866097
0.6223175965665237,0.17494600431965443,0.737527114967462,0.5,0.161,0.4985754985754987
0.9431330472103006,0.5345572354211664,0.6691973969631237,0.0625,0.244,0.2763532763532764
0.8562231759656653,0.7397408207343413,0.6496746203904556,0.9375,0.566,0.45726495726495736
0.7135193133047211,0.3455723542116631,0.9577006507592192,0.5625,0.149,0.3917378917378918
0.9034334763948499,0.6695464362850974,0.8796095444685467,0.625,0.517,0.8233618233618236
0.12231759656652363,0.533477321814255,0.9240780911062908,1.0,0.697,0.5954415954415955
0.07725321888412018,0.5896328293736501,0.5976138828633406,0.75,0.577,0.40598290598290604
0.7510729613733906,0.0755939524838013,0.6420824295010846,0.8125,0.121,0.03846153846153849
0.39699570815450647,0.8952483801295897,0.7039045553145337,0.0625,0.79,0.5398860398860401
0.4173819742489271,0.3088552915766739,0.6746203904555315,1.0,0.366,0.6139601139601141
0.5643776824034336,0.7559395248380131,0.27114967462039047,0.9375,0.497,0.6210826210826212
0.2821888412017168,0.7570194384449245,0.9566160520607376,0.5625,0.733,0.8874643874643877
0.49785407725321895,0.4870410367170626,0.6908893709327548,0.5625,0.435,0.6866096866096869
0.4388412017167383,0.49568034557235424,0.48156182212581344,0.125,0.505,0.2307692307692309
0.5354077253218885,0.6522678185745142,0.6431670281995663,0.3125,0.536,0.4743589743589745
0.2843347639484979,0.3693304535637149,0.8915401301518439,0.375,0.483,0.5099715099715101
0.2092274678111588,0.6436285097192226,0.9620390455531453,0.4375,0.643,0.35470085470085483
0.5332618025751074,0.22138228941684668,0.665943600867679,0.8125,0.271,0.5698005698005699
0.4763948497854078,0.22894168466522682,0.6030368763557484,0.875,0.348,0.7663817663817665
0.3508583690987125,0.5377969762419008,0.27548806941431675,0.125,0.517,0.22222222222222227
0.757510729613734,0.2883369330453564,0.40672451193058573,0.5625,0.283,0.46438746438746453
0.5901287553648069,0.09503239740820735,0.2678958785249458,0.6875,0.126,0.11253561253561256
0.7789699570815452,0.28185745140388774,0.5900216919739697,0.0625,0.235,0.6552706552706555
0.2575107296137339,0.5907127429805616,0.5303687635574839,0.3125,0.526,0.6908831908831912
0.20278969957081544,0.4751619870410368,0.6952277657266811,0.9375,0.559,0.29344729344729353
0.42811158798283266,0.6565874730021599,0.5184381778741867,0.9375,0.667,0.6481481481481484
0.7274678111587983,0.33693304535637153,0.7624728850325381,0.75,0.243,0.21367521367521375
0.7746781115879829,0.028077753779697623,0.7613882863340564,0.3125,0.07,0.12250712250712253
0.8154506437768242,0.04211663066954644,0.5303687635574839,0.25,0.04,0.49715099715099725
0.6019313304721031,0.74622030237581,0.6106290672451193,0.3125,0.5,0.46011396011396016
0.7585836909871245,0.37904967602591794,0.6865509761388287,0.5625,0.3,0.8091168091168093
0.5160944206008584,0.2494600431965443,0.7190889370932755,0.25,0.347,0.8760683760683763
0.6083690987124464,0.3250539956803456,0.5368763557483731,0.4375,0.235,0.7663817663817665
0.5772532188841202,0.08315334773218144,0.8232104121475055,0.5625,0.0,0.32905982905982917
0.4774678111587983,0.5172786177105833,0.3123644251626898,0.75,0.469,0.9116809116809119
0.22210300429184554,0.13606911447084233,0.6344902386117137,1.0,0.191,0.1880341880341881
0.3508583690987125,0.28509719222462204,0.306941431670282,0.0,0.466,0.8333333333333335
0.7896995708154508,0.2937365010799136,0.926247288503254,0.5625,0.196,0.284900284900285
0.7875536480686697,0.6101511879049677,0.859002169197397,0.5625,0.434,0.7863247863247864
0.609442060085837,0.4470842332613391,0.517353579175705,0.75,0.314,0.0840455840455841
0.8787553648068671,0.13822894168466524,0.8665943600867679,0.125,0.08,0.41168091168091175
0.35407725321888417,0.4643628509719223,0.5531453362255965,0.5,0.404,0.2122507122507123
0.6920600858369099,0.22678185745140392,0.8177874186550976,0.125,0.107,0.22934472934472944
0.5289699570815452,0.33045356371490286,0.571583514099783,0.0625,0.295,0.5584045584045585
0.7006437768240343,0.5885529157667387,1.0,0.25,0.38,0.1723646723646724
0.5686695278969958,0.18682505399568036,0.8134490238611713,0.5625,0.286,0.6552706552706555
0.7435622317596567,0.32397408207343414,0.4295010845986985,0.4375,0.144,0.4131054131054131
0.8304721030042919,0.6295896328293737,0.7082429501084598,0.625,0.432,0.22507122507122518
0.609442060085837,0.13498920086393087,0.7613882863340564,0.4375,0.079,0.45156695156695165
0.6137339055793992,0.687904967602592,0.37635574837310193,0.625,0.433,0.47293447293447305
0.3240343347639485,0.49352051835853133,0.5488069414316703,0.6875,0.609,0.24786324786324793
0.6716738197424894,0.19330453563714906,0.9577006507592192,0.3125,0.0,0.5598290598290598
0.682403433476395,0.27105831533477326,0.9620390455531453,0.1875,0.328,0.653846153846154
0.18025751072961377,0.6069114470842334,0.8275488069414316,0.25,0.491,1.0000000000000002
0.43669527896995713,0.4892008639308855,0.6898047722342733,0.9375,0.45,0.9487179487179489
0.39484978540772536,0.46112311015118795,0.4175704989154013,0.3125,0.613,0.5170940170940173
0.5761802575107297,0.4600431965442765,0.8383947939262473,1.0,0.216,0.5897435897435899
0.6791845493562233,0.3714902807775378,0.8036876355748374,0.0,0.181,0.5213675213675215
0.849785407725322,0.470842332613391,0.6399132321041215,0.8125,0.417,0.06980056980056981
0.9120171673819744,0.1555075593952484,0.8600867678958786,0.125,0.077,0.52991452991453
0.45171673819742497,0.8542116630669548,0.9642082429501084,0.0625,0.667,0.4344729344729345
0.4527896995708155,0.11771058315334773,0.8015184381778743,0.25,0.161,0.42022792022792027
0.7178111587982833,0.42008639308855295,0.8600867678958786,0.0625,0.238,0.5384615384615385
0.2746781115879829,0.3736501079913607,0.28308026030368766,0.5,0.413,0.6068376068376069
0.4613733905579399,0.6252699784017279,0.6030368763557484,0.75,0.655,0.4344729344729345
0.7607296137339057,0.5734341252699786,0.44034707158351405,0.9375,0.385,0.7849002849002851
0.20278969957081544,0.5161987041036719,0.8720173535791758,0.5625,0.54,0.311965811965812
0.10622317596566525,0.7656587473002161,0.7950108459869849,0.6875,0.835,0.8561253561253563
0.3165236051502146,0.1144708423326134,0.893709327548807,0.6875,0.356,0.3062678062678063
0.49356223175965674,0.0367170626349892,0.5954446854663774,0.5,0.046,0.8034188034188037
0.17167381974248927,0.5215982721382291,0.544468546637744,0.9375,0.565,1.0000000000000002
0.6201716738197426,0.3315334773218143,0.9295010845986986,0.75,0.231,0.6424501424501425
0.16630901287553648,0.6997840172786179,0.6203904555314534,0.125,0.625,1.0000000000000002
0.08369098712446355,0.5345572354211664,0.6681127982646422,0.4375,0.545,0.9188034188034189
0.7253218884120173,0.543196544276458,0.7451193058568331,0.6875,0.353,0.5982905982905984
0.8637339055793992,0.316414686825054,0.8329718004338394,0.0,0.06,0.5584045584045585
0.9259656652360516,0.18142548596112312,0.8329718004338394,0.125,0.0,0.663817663817664
0.28326180257510736,0.08747300215982723,0.8232104121475055,0.6875,0.131,0.2792022792022793
0.43454935622317603,0.7667386609071275,0.7505422993492409,0.4375,0.66,0.8276353276353279
0.7296137339055795,0.2786177105831534,0.7689804772234274,0.6875,0.301,0.17663817663817666
0.19313304721030047,0.34341252699784025,0.4685466377440347,0.25,0.362,0.5769230769230771
0.5922746781115881,0.45896328293736505,0.5835140997830802,0.6875,0.365,0.36894586894586906
0.7510729613733906,0.5421166306695466,0.6442516268980478,1.0,0.447,0.6011396011396013
0.18884120171673824,0.5097192224622031,0.6648590021691975,0.875,0.586,0.7948717948717949
0.5021459227467812,0.6652267818574515,0.7407809110629068,0.3125,0.547,0.9245014245014247
0.7521459227467813,0.28185745140388774,0.6496746203904556,0.8125,0.198,0.7051282051282053
0.7693133047210302,0.502159827213823,0.8459869848156183,0.9375,0.507,0.1267806267806268
0.5654506437768241,0.7203023758099354,0.8546637744034707,0.875,0.553,0.28632478632478636
0.3004291845493563,0.1511879049676026,0.648590021691974,0.6875,0.193,0.1452991452991454
0.20171673819742492,0.30993520518358536,0.37310195227765725,0.0,0.249,0.7564102564102566
0.7296137339055795,0.6954643628509721,0.7418655097613883,0.6875,0.549,0.39031339031339035
1.0000000000000002,0.19006479481641472,0.5281995661605207,1.0,0.044,0.7122507122507125
0.599785407725322,0.26349892008639314,0.30260303687635576,0.3125,0.38,0.2635327635327636
0.6620171673819744,0.6241900647948165,0.2440347071583514,0.625,0.454,0.9031339031339034
0.6244635193133048,0.6166306695464364,0.8449023861171366,0.3125,0.549,0.7692307692307694
0.7092274678111589,0.6889848812095034,0.8405639913232105,0.625,0.589,0.7621082621082622
0.8261802575107297,0.3423326133909288,0.9815618221258136,0.3125,0.355,0.5327635327635329
0.5772532188841202,0.8034557235421168,0.7624728850325381,0.625,0.535,0.8860398860398864
0.811158798283262,0.7786177105831534,0.9240780911062908,0.4375,0.676,0.3091168091168092
0.3723175965665237,0.5615550755939527,0.9642082429501084,0.25,0.516,0.9216524216524218
0.034334763948497854,0.3336933045356372,0.8991323210412148,0.75,0.433,0.9985754985754989
0.49785407725321895,0.8153347732181427,0.5531453362255965,0.3125,0.643,0.700854700854701
0.48605150214592285,0.719222462203024,0.4457700650759219,0.5,0.57,0.7293447293447297
0.46673819742489275,0.028077753779697623,0.8817787418655099,0.875,0.067,0.22222222222222227
0.42596566523605156,0.09287257019438447,0.797180043383948,0.9375,0.0,0.43874643874643876
0.19313304721030047,0.879049676025918,0.6323210412147506,0.625,0.841,0.821937321937322
0.5396995708154507,0.5032397408207344,0.5466377440347071,0.875,0.43,0.3803418803418804
0.9495708154506439,0.5831533477321816,0.7440347071583514,1.0,0.295,0.0
0.7199570815450644,0.5161987041036719,0.710412147505423,0.25,0.38,0.8603988603988606
0.3862660944206009,0.687904967602592,0.5379609544468547,0.1875,0.785,0.9415954415954417
0.7907725321888414,0.27969762419006483,0.36334056399132325,0.25,0.219,0.29629629629629634
0.5182403433476396,0.4157667386609072,0.36984815618221256,0.5625,0.336,0.5441595441595444
0.5772532188841202,0.3542116630669547,0.9392624728850327,0.0625,0.438,0.6082621082621085
0.46244635193133055,0.3218142548596113,0.9316702819956617,0.625,0.25,0.8988603988603991
0.6405579399141632,0.28509719222462204,0.6691973969631237,0.25,0.224,0.5028490028490029
0.5418454935622319,0.6663066954643629,0.9045553145336226,0.0,0.503,0.7492877492877494
0.8025751072961375,0.4697624190064795,0.8676789587852495,0.0,0.308,0.6923076923076925
0.8733905579399143,0.7278617710583154,0.8752711496746204,0.625,0.555,0.14387464387464394
0.03540772532188842,0.2991360691144709,0.6637744034707159,0.4375,0.461,0.7507122507122508
0.8744635193133048,0.2991360691144709,0.9815618221258136,0.375,0.123,0.7293447293447297
0.2124463519313305,0.30129589632829373,0.5900216919739697,0.375,0.357,0.8803418803418805
0.73068669527897,0.6943844492440606,0.5639913232104121,0.4375,0.52,0.8732193732193734
0.6148068669527897,0.9114470842332615,0.42841648590021697,0.625,0.674,0.29914529914529925
0.0,0.38120950323974084,0.9566160520607376,0.1875,0.483,0.9330484330484332
0.7263948497854078,0.18250539956803458,0.34273318872017355,1.0,0.079,0.19943019943019952
0.6233905579399143,0.30993520518358536,0.3449023861171367,0.625,0.201,0.7720797720797723
0.14270386266094423,0.7732181425485962,0.5238611713665944,0.125,0.74,0.9743589743589745
0.6995708154506438,0.23650107991360692,0.737527114967462,0.6875,0.102,0.294871794871795
0.12124463519313305,0.41684665226781864,0.911062906724512,0.375,0.51,0.7393162393162394
0.2360515021459228,0.5863930885529159,0.4360086767895879,0.9375,0.556,0.6282051282051284
0.7446351931330473,0.10043196544276459,0.4945770065075923,0.9375,0.0,0.737891737891738
0.8519313304721031,0.26349892008639314,0.735357917570499,0.875,0.112,0.4102564102564103
0.4613733905579399,0.480561555075594,0.6648590021691975,0.75,0.392,0.18660968660968663
0.5740343347639485,0.2624190064794817,0.23969631236442518,1.0,0.224,0.5000000000000002
0.6309012875536482,0.5172786177105833,0.33514099783080264,0.375,0.419,0.09971509971509979
0.7703862660944207,0.4233261339092873,0.8720173535791758,1.0,0.285,0.12393162393162399
0.7886266094420602,0.5561555075593954,0.8091106290672451,0.25,0.326,0.4344729344729345
0.5053648068669528,0.7257019438444925,0.9240780911062908,0.6875,0.711,0.5940170940170941
0.7135193133047211,0.8714902807775379,0.6182212581344902,0.875,0.72,0.20512820512820523
0.4495708154506438,0.5928725701943846,0.3199566160520607,0.25,0.525,0.4529914529914531
0.4442060085836911,0.2742980561555076,0.8167028199566161,0.625,0.356,0.36039886039886054
0.4195278969957082,0.23974082073434128,0.9088937093275489,0.5625,0.289,0.34757834757834766
0.8304721030042919,0.5734341252699786,0.8080260303687635,0.875,0.375,0.39601139601139607
0.453862660944206,0.2537796976241901,0.9891540130151844,0.0625,0.27,0.11680911680911682
0.4442060085836911,0.7429805615550757,0.7906724511930586,0.5,0.837,0.2792022792022793
0.9227467811158799,0.02267818574514039,0.7223427331887202,0.5625,0.039,0.09829059829059833
0.784334763948498,0.7926565874730023,0.5303687635574839,0.4375,0.652,0.720797720797721
0.6545064377682405,0.6285097192224623,0.5878524945770065,0.3125,0.455,0.8874643874643877
0.5675965665236051,0.12742980561555078,0.6540130151843818,0.75,0.185,0.6794871794871797
0.4763948497854078,0.132829373650108,0.6236442516268981,0.5625,0.344,0.16809116809116814
0.7510729613733906,0.5971922246220304,0.44468546637744033,0.875,0.468,0.7706552706552707
0.25858369098712447,0.6965442764578835,0.38503253796095444,0.75,0.73,0.9715099715099718
0.2757510729613734,0.2473002159827214,0.9501084598698482,0.875,0.407,0.8960113960113962
0.8894849785407727,0.6943844492440606,0.5498915401301518,0.0625,0.518,0.663817663817664
0.6684549356223177,0.5593952483801298,0.3806941431670282,0.75,0.553,0.3347578347578349
0.6126609442060087,0.08099352051835854,0.7830802603036877,0.875,0.109,0.4230769230769231
0.5751072961373391,0.32613390928725705,0.22993492407809113,0.8125,0.322,0.44586894586894593
0.4613733905579399,0.1533477321814255,0.6409978308026031,0.0,0.139,0.07834757834757838
0.4045064377682404,0.30561555075593955,0.3579175704989154,0.0,0.521,0.6353276353276356
0.3401287553648069,0.7904967602591794,0.6171366594360087,0.5,0.717,0.4715099715099716
0.2124463519313305,0.5032397408207344,0.693058568329718,0.8125,0.525,1.0000000000000002
0.6405579399141632,0.6987041036717064,0.8709327548806942,0.1875,0.649,0.7150997150997154
0.4678111587982833,0.26349892008639314,0.8177874186550976,0.5,0.23,0.7649572649572651
0.7381974248927039,0.49352051835853133,0.4164859002169198,0.0,0.361,0.06552706552706555
0.5278969957081546,0.25485961123110157,0.5097613882863341,0.4375,0.184,0.6524216524216526
0.3165236051502146,0.5896328293736501,0.8221258134490238,0.5,0.553,0.891737891737892
0.9281115879828328,0.8531317494600434,0.3492407809110629,0.375,0.545,0.4344729344729345
0.728540772532189,0.5475161987041038,0.7917570498915402,0.25,0.447,0.28062678062678065
0.6019313304721031,0.1511879049676026,0.5292841648590022,0.6875,0.136,0.425925925925926
0.2993562231759657,0.9946004319654428,0.6767895878524945,0.0625,0.809,0.7521367521367524
0.4324034334763949,0.4373650107991361,0.7418655097613883,0.8125,0.383,0.4957264957264958
0.3937768240343348,0.5475161987041038,0.4707158351409979,0.875,0.489,0.43874643874643876
